{
"https://amzn.to/3R6Pruz": "Chemistry Molecule Set Toy",
"https://amzn.to/3t0mIQ4": "260+ Science Experiment Kit",
"https://amzn.to/47FKVKG": "Chemistry Socks",
"https://amzn.to/47Sep80": "Real Periodic Table",
"https://amzn.to/41dnA0A": "Periodic Table Poster",
"https://amzn.to/46I0GiI": "Mini Sandbox Fidget Toy",
"https://amzn.to/4ahGZBJ": "Chemistry Backpack Pins",
"https://amzn.to/3GpTkGb": "Computer Gaming Mice",
"https://amzn.to/46JrVK7": "RGB Keyboards",
"https://amzn.to/3GqniJV": "Chromebook Laptop Accessories",
"https://amzn.to/3R9mUEC": "Gaming Headphones",
"https://amzn.to/3T9i5hw": "Science Experiment Kits",
"https://amzn.to/3NawG8h": "Science Stocking Stuffers",
"https://amzn.to/3t0n9da": "Real Kinetic Sand",
"https://amzn.to/482AQHm": "Geode Mining Kit",
"https://amzn.to/4a1MwvT": "Geyser Science Experiment",
"https://amzn.to/49XVpXr": "Huge Science Experiment Kit",
"https://amzn.to/484vQSN": "ADHD Fidget Cube Toy",
"https://amzn.to/47EjqBj": "Stuffed Froggy Plush"
}